Domain,Status,Attractiveness,Demand,Length,Sectors,Created,Expires,Registrar
brief.zip,available,124,19%,5,"Business,Education,General,Law",,,
complete.zip,available,120,21%,8,"Manufacturing,Retail,Technology",,,
second.zip,available,120,23%,6,"General,Mathematics",,,
wizard.zip,available,118,42%,6,"Entertainment,Media,Technology",,,
tenth.zip,available,116,7%,5,Mathematics,,,
equal.zip,available,116,19%,5,"Education,General,Law",,,
flat.zip,available,116,24%,4,"Construction,Real Estate",,,
tonic.zip,available,114,22%,5,"Health and Fitness,Medicine,Science",,,
hotshot.zip,available,112,14%,7,"Business,Entertainment,Sports",,,
zero.zip,available,112,49%,4,Mathematics,,,
acute.zip,available,112,9%,5,"Mathematics,Medicine,Science",,,
above.zip,available,112,22%,5,Business,,,
abstract.zip,available,108,29%,8,"Arts,Humanities,Science",,,
abiding.zip,available,106,5%,7,"General,Religion",,,
expert.zip,available,104,26%,6,"Business,Education,Technology",,,
teen.zip,available,104,14%,4,"Education,Entertainment,Healthcare",,,
active.zip,available,104,27%,6,"Health and Fitness,Sports,Travel",,,
eight.zip,available,102,23%,5,"General,Mathematics",,,
captive.zip,available,102,14%,7,"Entertainment,Hospitality,Technology",,,
absent.zip,available,102,8%,6,"Business,Education,Technology",,,
extra.zip,available,102,26%,5,"Fashion,Retail,Technology",,,
remove.zip,available,100,13%,6,"Construction,Manufacturing,Technology",,,
adjunct.zip,available,100,5%,7,Education,,,
ninth.zip,available,100,9%,5,Mathematics,,,
sixth.zip,available,100,8%,5,Mathematics,,,
third.zip,available,100,16%,5,Mathematics,,,
abrupt.zip,available,100,3%,6,"Medicine,Science",,,
crack.zip,available,100,20%,5,Sports,,,
eighth.zip,available,100,6%,6,Mathematics,,,
genius.zip,available,98,46%,6,"Arts,Education,Technology",,,
whizz.zip,available,98,11%,5,"Business,Education,Technology",,,
actual.zip,available,96,22%,6,"Real Estate,Retail,Technology",,,
alamode.zip,available,96,12%,9,Fashion,,,
academic.zip,available,96,20%,8,"Education,Humanities,Science",,,
doable.zip,available,96,9%,6,"Business,Education,Technology",,,
forgiving.zip,available,96,3%,9,"Healthcare,Religion",,,
abject.zip,available,94,7%,6,Humanities,,,
about.zip,available,94,28%,5,"Business,General,Media,Technology",,,
virtuoso.zip,available,94,16%,8,"Arts,Entertainment",,,
around.zip,available,94,22%,6,"Business,General,Media,Technology",,,
adequate.zip,available,94,9%,8,"Education,Healthcare,Technology",,,
next.zip,available,92,43%,4,"Retail,Technology,Transportation",,,
twentieth.zip,available,92,3%,9,Mathematics,,,
adept.zip,available,92,24%,5,"Education,Health and Fitness,Sports",,,
exemplary.zip,available,92,5%,9,"Business,Education,Healthcare",,,
abroad.zip,available,92,12%,6,"Hospitality,Travel",,,
nought.zip,available,92,4%,6,Mathematics,,,
derelict.zip,available,92,7%,8,"Construction,Real Estate",,,
adjective.zip,available,92,5%,9,Education,,,
neutral.zip,available,92,20%,7,"Business,Media,Politics",,,
gripping.zip,available,90,3%,8,"Entertainment,Media,Technology",,,
adoring.zip,available,90,2%,7,"Entertainment,Fashion,Retail",,,
clear.zip,available,90,47%,5,"Manufacturing,Retail,Technology",,,
leash.zip,available,90,7%,5,"General,Health and Fitness,Retail",,,
riveting.zip,available,90,6%,8,"Entertainment,Media,Technology",,,
additional.zip,available,90,8%,10,"Fashion,Retail,Technology",,,
endearing.zip,available,90,1%,9,"Entertainment,Fashion,Retail",,,
addictive.zip,available,90,9%,9,Healthcare,,,
abortive.zip,available,90,1%,8,"Medicine,Science",,,
activist.zip,available,88,12%,8,"Humanities,Politics",,,
hundred.zip,available,88,14%,7,Mathematics,,,
ten.zip,available,88,28%,3,"General,Mathematics",,,
eleven.zip,available,88,33%,6,Mathematics,,,
twelve.zip,available,88,18%,6,"General,Mathematics",,,
fifteen.zip,available,88,13%,7,Mathematics,,,
three.zip,available,88,24%,5,Mathematics,,,
adlib.zip,available,88,7%,6,Entertainment,,,
proficient.zip,available,88,8%,10,"Education,Health and Fitness,Sports",,,
ace.zip,available,88,34%,3,Sports,,,
wide.zip,available,88,18%,4,"Business,Media,Technology",,,
sixteen.zip,available,88,11%,7,Mathematics,,,
actionable.zip,available,88,13%,10,"Business,Law",,,
xiv.zip,available,86,12%,3,Mathematics,,,
recondite.zip,available,86,4%,9,"Arts,Humanities,Science",,,
extempore.zip,available,86,3%,9,Entertainment,,,
xix.zip,available,86,11%,3,Mathematics,,,
engrossing.zip,available,86,0%,10,"Entertainment,Media,Technology",,,
cipher.zip,available,86,29%,6,Mathematics,,,
adolescent.zip,available,86,3%,10,"Education,Entertainment,Healthcare",,,
attendant.zip,available,86,5%,9,"Healthcare,Hospitality,Transportation",,,
intent.zip,available,86,25%,6,"Business,Education,Technology",,,
aboriginal.zip,available,86,10%,10,Humanities,,,
star.zip,available,86,40%,4,"Entertainment,Media,Sports",,,
acting.zip,available,84,12%,6,Entertainment,,,
thirteen.zip,available,84,10%,8,Mathematics,,,
twentytwo.zip,available,84,11%,10,Mathematics,,,
fourteen.zip,available,84,8%,8,Mathematics,,,
twentyone.zip,available,84,13%,10,Mathematics,,,
seventeen.zip,available,84,7%,9,Mathematics,,,
nineteen.zip,available,84,8%,8,Mathematics,,,
accessory.zip,available,84,8%,9,"Fashion,Retail,Technology",,,
grand.zip,available,84,25%,5,"Finance,General",,,
deviate.zip,available,84,12%,7,"Medicine,Science",,,
adjustable.zip,available,84,3%,10,"Manufacturing,Retail,Technology",,,
sharp.zip,available,84,34%,5,"Arts,Fashion",,,
thousand.zip,available,84,8%,8,Mathematics,,,
absorbent.zip,available,82,3%,9,"Healthcare,Manufacturing,Retail",,,
good.zip,available,82,47%,4,"Food and Beverage,General,Health and Fitness,Retail",,,
abkhaz.zip,available,82,1%,6,Geography,,,
decade.zip,available,82,10%,6,Mathematics,,,
abdominal.zip,available,82,1%,9,"Health and Fitness,Medicine",,,
fivesome.zip,available,82,1%,8,Sports,,,
abroach.zip,available,82,1%,7,Food and Beverage,,,
altered.zip,available,82,9%,7,"Medicine,Science",,,
impromptu.zip,available,82,16%,9,Entertainment,,,
enduring.zip,available,82,9%,8,"Health and Fitness,Religion",,,
abenaki.zip,available,82,2%,7,Geography,,,
dozen.zip,available,82,10%,5,Mathematics,,,
cleansing.zip,available,82,3%,9,Health and Fitness,,,
superstar.zip,available,80,18%,9,Entertainment,,,
dorsal.zip,available,80,6%,6,"Medicine,Science",,,
trio.zip,available,80,21%,4,Entertainment,,,
forty.zip,available,80,9%,5,Mathematics,,,
absorbable.zip,available,80,0%,10,"Healthcare,Pharmaceuticals,Science",,,
worshipful.zip,available,80,1%,10,"Education,Healthcare,Religion",,,
first.zip,available,80,36%,5,"General,Mathematics",,,
able.zip,available,80,29%,4,"Business,Education,General,Technology",,,
yard.zip,available,80,26%,4,"Construction,General",,,
some.zip,available,80,32%,4,"Business,Media,Retail",,,
twenty.zip,available,80,12%,6,Mathematics,,,
capable.zip,available,80,12%,7,"Business,Education,Technology",,,
two.zip,available,80,24%,3,Mathematics,,,
absurd.zip,available,80,16%,6,"Arts,Entertainment,Media",,,
nine.zip,available,80,24%,4,"General,Mathematics",,,
seventh.zip,available,80,10%,7,Mathematics,,,
adoptable.zip,available,80,3%,9,"Education,Healthcare",,,
sequent.zip,available,80,7%,7,"Healthcare,Insurance,Transportation",,,
adjacent.zip,available,78,9%,8,"Construction,Real Estate,Retail",,,
acceptable.zip,available,78,5%,10,"Business,Hospitality,Retail",,,
low.zip,available,78,20%,3,"Business,Finance",,,
acceptant.zip,available,78,1%,9,"Education,Healthcare",,,
twentysix.zip,available,78,8%,10,Mathematics,,,
absorptive.zip,available,78,1%,10,"Healthcare,Manufacturing,Retail",,,
athletic.zip,available,78,15%,8,"Health and Fitness,Sports",,,
recognized.zip,available,78,3%,10,"Business,Education,Technology",,,
adorable.zip,available,78,8%,8,"Entertainment,Fashion,Retail",,,
accidental.zip,available,78,11%,10,"Healthcare,Insurance,Transportation",,,
accepted.zip,available,78,6%,8,"Business,Education,Technology",,,
abkhazian.zip,available,78,1%,9,Geography,,,
abkhasian.zip,available,78,1%,9,Geography,,,
accurate.zip,available,78,16%,8,"Engineering,Mathematics,Science",,,
adrenal.zip,available,78,4%,7,"Education,Healthcare,Science",,,
honestly.zip,available,78,9%,8,"Business,Law",,,
abounding.zip,available,78,2%,9,Agriculture,,,
accessible.zip,available,78,21%,10,"Healthcare,Retail,Technology",,,
sixtynine.zip,available,78,8%,10,Mathematics,,,
recognised.zip,available,78,3%,10,"Business,Education,Technology",,,
dormant.zip,available,78,4%,7,"Medicine,Science",,,
ventral.zip,available,76,3%,7,Science,,,
adipose.zip,available,76,2%,7,"Healthcare,Science",,,
resultant.zip,available,76,2%,9,"Healthcare,Insurance,Transportation",,,
auxiliary.zip,available,76,7%,9,"Healthcare,Manufacturing,Technology",,,
eighteen.zip,available,76,7%,8,Mathematics,,,
addable.zip,available,76,2%,7,"Engineering,Mathematics,Science",,,
acoustic.zip,available,76,14%,8,Science,,,
adaptive.zip,available,76,28%,8,"Business,Education,Technology",,,
ancillary.zip,available,76,6%,9,"Healthcare,Manufacturing,Technology",,,
improvise.zip,available,76,4%,9,Entertainment,,,
diamond.zip,available,76,32%,7,Fashion,,,
obscene.zip,available,76,5%,7,"Entertainment,Media",,,
adaptable.zip,available,76,9%,9,"Business,Education,Technology",,,
incidental.zip,available,76,4%,10,"Healthcare,Insurance,Transportation",,,
ague.zip,available,76,2%,4,"Geography,Medicine,Science",,,
thirteenth.zip,available,76,4%,10,Mathematics,,,
energizing.zip,available,76,3%,10,"Food and Beverage,Health and Fitness,Travel",,,
adhesive.zip,available,76,7%,8,"Construction,Manufacturing,Technology",,,
thousandth.zip,available,76,1%,10,Mathematics,,,
abrasive.zip,available,76,6%,8,"Construction,Manufacturing",,,
firstrate.zip,available,76,6%,10,Business,,,
adherent.zip,available,76,4%,8,"Politics,Religion",,,
fifteenth.zip,available,76,2%,9,Mathematics,,,
fourteenth.zip,available,76,1%,10,Mathematics,,,
nineteenth.zip,available,76,3%,10,Mathematics,,,
hundredth.zip,available,76,1%,9,Mathematics,,,
threed.zip,available,76,7%,7,Technology,,,
accepting.zip,available,74,3%,9,"Education,Healthcare",,,
skilful.zip,available,74,3%,7,"Education,Health and Fitness,Sports",,,
cleared.zip,available,74,7%,7,"Healthcare,Law,Transportation",,,
acuate.zip,available,74,2%,6,"Engineering,Medicine,Science",,,
adrenergic.zip,available,74,1%,10,"Education,Healthcare,Science",,,
supra.zip,available,74,25%,5,"Medicine,Science",,,
achievable.zip,available,74,4%,10,"Business,Education,Technology",,,
sensation.zip,available,74,7%,9,"Entertainment,Media,Sports",,,
adenoid.zip,available,74,1%,7,"Health and Fitness,Medicine,Science",,,
broad.zip,available,74,13%,5,"Entertainment,General,Media",,,
adapted.zip,available,74,6%,7,"Healthcare,Manufacturing,Technology",,,
admirable.zip,available,74,5%,9,"Business,Education,Healthcare",,,
single.zip,available,74,19%,6,Sports,,,
abnormal.zip,available,74,16%,8,"Medicine,Science",,,
aberrant.zip,available,74,6%,8,"Medicine,Science",,,
playing.zip,available,74,12%,7,Entertainment,,,
manageable.zip,available,74,4%,10,"Business,Education,Technology",,,
realizable.zip,available,74,1%,10,"Business,Education,Technology",,,
mavin.zip,available,74,7%,5,"Entertainment,Fashion,Technology",,,
activated.zip,available,74,9%,9,"Healthcare,Manufacturing,Technology",,,
adjectival.zip,available,72,1%,10,Education,,,
champion.zip,available,72,28%,8,"Entertainment,Health and Fitness,Sports",,,
addicted.zip,available,72,9%,8,Healthcare,,,
ablaze.zip,available,72,6%,6,Entertainment,,,
lovely.zip,available,72,26%,6,"Entertainment,Fashion,Retail",,,
accusative.zip,available,72,0%,10,"Humanities,Law",,,
seventieth.zip,available,72,1%,10,Mathematics,,,
accustomed.zip,available,72,1%,10,"Business,Education,Humanities",,,
eightieth.zip,available,72,1%,9,Mathematics,,,
improvize.zip,available,72,1%,9,Entertainment,,,
ninetieth.zip,available,72,1%,9,Mathematics,,,
deep.zip,available,72,41%,4,"Engineering,Mathematics,Science",,,
ternary.zip,available,72,7%,7,Mathematics,,,
adjunctive.zip,available,72,1%,10,"Healthcare,Manufacturing,Technology",,,
aching.zip,available,72,4%,6,Healthcare,,,
liv.zip,available,72,27%,3,Mathematics,,,
absorbed.zip,available,72,2%,8,"Entertainment,Media,Technology",,,
engrossed.zip,available,72,1%,9,"Entertainment,Media,Technology",,,
adaptative.zip,available,72,1%,10,"Business,Education,Technology",,,
absolutist.zip,available,72,1%,10,"Humanities,Law,Politics",,,
trinity.zip,available,72,18%,7,Religion,,,
abreast.zip,available,72,2%,7,"Business,Technology",,,
sixtieth.zip,available,72,1%,8,Mathematics,,,
existent.zip,available,72,3%,8,"Mathematics,Science",,,
adonic.zip,available,72,2%,6,"Arts,Education,Entertainment",,,
adiabatic.zip,available,72,3%,9,"Engineering,Science",,,
abloom.zip,available,72,5%,6,Agriculture,,,
stillborn.zip,available,70,2%,9,"Medicine,Science",,,
adored.zip,available,70,6%,6,"Entertainment,Fashion,Retail",,,
gymnastic.zip,available,70,3%,9,"Entertainment,Sports",,,
skillful.zip,available,70,9%,8,"Education,Health and Fitness,Sports",,,
accumbent.zip,available,70,1%,9,"Healthcare,Medicine,Science",,,
miserable.zip,available,70,4%,9,Humanities,,,
offhand.zip,available,70,2%,7,Entertainment,,,
recumbent.zip,available,70,2%,9,"Healthcare,Medicine,Science",,,
unity.zip,available,70,40%,5,Mathematics,,,
abradant.zip,available,70,1%,8,"Construction,Manufacturing",,,
tiptop.zip,available,70,24%,6,Fashion,,,
absorbing.zip,available,70,3%,9,"Entertainment,Media,Technology",,,
practiced.zip,available,70,3%,9,"Education,Health and Fitness,Sports",,,
abulic.zip,available,70,1%,6,Medicine,,,
consequent.zip,available,70,3%,10,"Business,Education,General,Technology",,,
adjusted.zip,available,70,5%,8,"Manufacturing,Retail,Technology",,,
adamantine.zip,available,70,4%,10,Religion,,,
acuminate.zip,available,70,1%,9,"Engineering,Medicine,Science",,,
admired.zip,available,70,5%,7,"Business,Education,Healthcare",,,
lowdown.zip,available,70,6%,8,"Entertainment,Media",,,
foursome.zip,available,68,4%,8,Sports,,,
ennead.zip,available,68,5%,6,Mathematics,,,
abkhas.zip,available,68,0%,6,Geography,,,
overseas.zip,available,68,12%,8,"Hospitality,Travel",,,
ablative.zip,available,68,3%,8,Science,,,
acerate.zip,available,68,1%,7,Science,,,
licenced.zip,available,68,2%,8,"Business,Healthcare,Insurance",,,
achaean.zip,available,68,2%,7,Humanities,,,
disciple.zip,available,68,14%,8,"Education,Religion",,,
vindicated.zip,available,68,2%,10,"Humanities,Law,Politics",,,
stygian.zip,available,68,5%,7,Humanities,,,
achaian.zip,available,68,2%,7,Humanities,,,
scurvy.zip,available,68,3%,6,Humanities,,,
threesome.zip,available,68,5%,9,Entertainment,,,
fortieth.zip,available,68,0%,8,Mathematics,,,
sevener.zip,available,68,1%,7,Mathematics,,,
octonary.zip,available,68,1%,8,Mathematics,,,
septenary.zip,available,68,1%,9,Mathematics,,,
accredited.zip,available,68,9%,10,"Business,Education,Healthcare",,,
aculeate.zip,available,68,1%,8,"Engineering,Medicine,Science",,,
ane.zip,available,68,12%,3,Mathematics,,,
activating.zip,available,68,3%,10,"Healthcare,Manufacturing,Technology",,,
abducent.zip,available,68,0%,8,Medicine,,,
decorated.zip,available,68,3%,9,"Entertainment,Fashion,Retail",,,
aroused.zip,available,68,3%,7,"Entertainment,Health and Fitness",,,
thirtieth.zip,available,68,1%,9,Mathematics,,,
fiftieth.zip,available,68,0%,8,Mathematics,,,
abnaki.zip,available,68,1%,6,Geography,,,
aberdonian.zip,available,68,1%,10,Geography,,,
licensed.zip,available,68,5%,8,"Business,Healthcare,Insurance",,,
ninety.zip,available,66,11%,6,Mathematics,,,
adopted.zip,available,66,4%,7,"Education,Healthcare",,,
xii.zip,available,66,10%,3,Mathematics,,,
onec.zip,available,66,6%,5,Mathematics,,,
acrobatic.zip,available,66,4%,9,"Entertainment,Sports",,,
clv.zip,available,66,10%,3,Mathematics,,,
xvi.zip,available,66,5%,3,Mathematics,,,
teenager.zip,available,66,4%,8,"Education,Entertainment,Healthcare",,,
four.zip,available,66,27%,4,Mathematics,,,
exonerated.zip,available,66,2%,10,"Humanities,Law,Politics",,,
xxi.zip,available,66,10%,3,Mathematics,,,
xvii.zip,available,66,5%,4,Mathematics,,,
according.zip,available,66,3%,9,"Business,Education,Technology",,,
performing.zip,available,66,6%,10,Entertainment,,,
eighty.zip,available,66,6%,6,Mathematics,,,
xxv.zip,available,66,6%,3,Mathematics,,,
acappella.zip,available,66,6%,10,Entertainment,,,
six.zip,available,66,26%,3,Mathematics,,,
abstinent.zip,available,66,1%,9,"Health and Fitness,Religion",,,
tenner.zip,available,66,5%,6,Finance,,,
xxii.zip,available,66,6%,4,Mathematics,,,
buzzing.zip,available,66,7%,7,"Entertainment,Media,Technology",,,
sextet.zip,available,66,1%,6,Entertainment,,,
century.zip,available,66,17%,7,Education,,,
xxvi.zip,available,66,3%,4,Mathematics,,,
modish.zip,available,66,5%,6,Fashion,,,
accessary.zip,available,66,1%,9,"Business,Law,Technology",,,
thirty.zip,available,66,8%,6,Mathematics,,,
xviii.zip,available,66,5%,5,Mathematics,,,
deuce.zip,available,66,9%,5,Sports,,,
acervate.zip,available,66,1%,8,Science,,,
adorned.zip,available,66,5%,7,"Entertainment,Fashion,Retail",,,
fifty.zip,available,66,12%,5,Mathematics,,,
five.zip,available,66,26%,4,Mathematics,,,
maven.zip,available,66,30%,5,"Entertainment,Fashion,Technology",,,
deviant.zip,available,64,12%,7,"Medicine,Science",,,
scatty.zip,available,64,1%,6,"Arts,Entertainment,Media",,,
astringent.zip,available,64,1%,10,"Healthcare,Pharmaceuticals",,,
rising.zip,available,64,18%,6,"Construction,Manufacturing,Real Estate",,,
acentric.zip,available,64,2%,8,Science,,,
absolved.zip,available,64,1%,8,"Humanities,Law,Religion",,,
ccc.zip,available,64,38%,3,Mathematics,,,
aflame.zip,available,64,3%,6,Entertainment,,,
nondrinker.zip,available,64,1%,10,"Health and Fitness,Religion",,,
accordant.zip,available,64,3%,9,"Arts,Entertainment",,,
roughly.zip,available,62,3%,7,"Business,Media,Technology",,,
activistic.zip,available,62,1%,10,"Humanities,Politics",,,
eighteenth.zip,available,62,1%,10,Mathematics,,,
aufait.zip,available,62,3%,7,"Fashion,Media",,,
adoptive.zip,available,62,1%,8,"Education,Healthcare",,,
pungent.zip,available,62,1%,7,Food and Beverage,,,
activation.zip,available,62,16%,10,"Healthcare,Manufacturing,Technology",,,
nail.zip,available,62,16%,4,"Construction,Fashion,General,Retail",,,
fortyfour.zip,available,62,6%,10,Mathematics,,,
sixteenth.zip,available,62,1%,9,Mathematics,,,
exculpated.zip,available,62,1%,10,"Humanities,Law,Politics",,,
eleventh.zip,available,62,5%,8,Mathematics,,,
orso.zip,available,62,9%,5,"Business,Media,Technology",,,
accusing.zip,available,62,1%,8,Law,,,
playacting.zip,available,62,1%,10,Entertainment,,,
admissible.zip,available,62,1%,10,"Education,Healthcare,Law",,,
quartet.zip,available,62,7%,7,"Arts,Entertainment",,,
twodozen.zip,available,62,1%,9,Mathematics,,,
wrapped.zip,available,62,13%,7,"Fashion,Hospitality,Retail",,,
ensuant.zip,available,62,1%,7,"Healthcare,Insurance,Transportation",,,
abo.zip,available,62,15%,3,Science,,,
aborigine.zip,available,62,1%,9,Humanities,,,
longdozen.zip,available,62,2%,10,Mathematics,,,
troika.zip,available,62,8%,6,Politics,,,
accrued.zip,available,62,2%,7,"Banking,Finance,Insurance",,,
adjuvant.zip,available,62,5%,8,"Healthcare,Manufacturing,Technology",,,
chiliad.zip,available,62,2%,7,Mathematics,,,
acidic.zip,available,62,5%,6,"Food and Beverage,Science",,,
cumulative.zip,available,62,2%,10,"Banking,Finance,Insurance",,,
cautionary.zip,available,60,1%,10,"Business,Education,Healthcare",,,
paunchy.zip,available,60,0%,7,"Health and Fitness,Medicine",,,
xcl.zip,available,60,5%,3,Mathematics,,,
adnate.zip,available,60,1%,6,"Agriculture,Manufacturing,Retail",,,
idolized.zip,available,60,3%,8,"Entertainment,Fashion,Retail",,,
abstainer.zip,available,60,0%,9,"Health and Fitness,Religion",,,
clxv.zip,available,60,1%,4,Mathematics,,,
adnexal.zip,available,60,1%,7,"Agriculture,Manufacturing,Retail",,,
clxx.zip,available,60,3%,4,Mathematics,,,
cxxx.zip,available,60,4%,4,Mathematics,,,
cxxxv.zip,available,60,2%,5,Mathematics,,,
cxxv.zip,available,60,1%,4,Mathematics,,,
cxx.zip,available,60,10%,3,Mathematics,,,
sixty.zip,available,60,13%,5,Mathematics,,,
cxv.zip,available,60,4%,3,Mathematics,,,
octet.zip,available,60,12%,5,Arts,,,
cxlv.zip,available,60,2%,4,Mathematics,,,
eightysix.zip,available,60,7%,10,Mathematics,,,
idolised.zip,available,60,1%,8,"Entertainment,Fashion,Retail",,,
annexal.zip,available,60,1%,7,"Agriculture,Manufacturing,Retail",,,
clxxx.zip,available,60,1%,5,Mathematics,,,
clx.zip,available,60,10%,3,Mathematics,,,
abstemious.zip,available,60,0%,10,"Food and Beverage,Health and Fitness,Hospitality",,,
aboveboard.zip,available,60,5%,10,"Business,Law",,,
abashed.zip,available,60,1%,7,Humanities,,,
clxxv.zip,available,60,1%,5,Mathematics,,,
acceptive.zip,available,60,1%,9,"Education,Healthcare",,,
thou.zip,available,60,7%,4,Mathematics,,,
cxl.zip,available,60,7%,3,Mathematics,,,
tertiary.zip,available,60,4%,8,Education,,,
tercet.zip,available,59,2%,6,"Arts,Entertainment,Media",,,
closeto.zip,available,58,3%,8,"Business,Media,Technology",,,
adhoc.zip,available,58,24%,6,"Business,Engineering,Technology",,,
offhanded.zip,available,58,1%,9,Entertainment,,,
octad.zip,available,58,5%,5,Mathematics,,,
pentad.zip,available,58,2%,6,Mathematics,,,
niner.zip,available,58,5%,5,Mathematics,,,
quintet.zip,available,58,8%,7,"Arts,Entertainment",,,
accretive.zip,available,58,6%,9,"Banking,Finance,Insurance",,,
accented.zip,available,58,3%,8,"Arts,Entertainment",,,
abandoned.zip,available,58,10%,9,"Construction,Real Estate",,,
fourth.zip,available,58,13%,6,Mathematics,,,
addible.zip,available,58,2%,7,"Engineering,Mathematics,Science",,,
linear.zip,available,58,22%,6,"Engineering,Mathematics,Science",,,
centesimal.zip,available,58,1%,10,Mathematics,,,
accoutred.zip,available,58,1%,9,"Fashion,Manufacturing,Retail",,,
actuarial.zip,available,58,8%,9,"Finance,Insurance,Mathematics",,,
abused.zip,available,58,5%,6,"Healthcare,Law",,,
fifth.zip,available,58,12%,5,Mathematics,,,
lxxviii.zip,available,58,1%,7,Mathematics,,,
seventy.zip,available,58,7%,7,Mathematics,,,
acetic.zip,available,58,1%,6,"Food and Beverage,Science",,,
tetrad.zip,available,58,5%,6,Mathematics,,,
ache.zip,available,58,7%,4,Healthcare,,,
justabout.zip,available,58,3%,10,"Business,Media,Technology",,,
addressed.zip,available,58,3%,9,"Business,Technology,Telecommunications",,,
adient.zip,available,58,4%,6,"Medicine,Science",,,
abuzz.zip,available,58,5%,5,"Entertainment,Media,Technology",,,
eighter.zip,available,58,2%,7,Mathematics,,,
sixtyone.zip,available,58,3%,9,Mathematics,,,
heptad.zip,available,58,1%,6,Mathematics,,,
fourscore.zip,available,58,4%,9,Mathematics,,,
super.zip,available,58,47%,5,Business,,,
sixer.zip,available,58,5%,5,Sports,,,
aucourant.zip,available,58,3%,10,"Fashion,Media",,,
acyclic.zip,available,58,4%,7,"Engineering,Mathematics,Science",,,
lxxx.zip,available,58,2%,4,Mathematics,,,
hexad.zip,available,58,4%,5,Mathematics,,,
twelfth.zip,available,58,2%,7,Mathematics,,,
abridged.zip,available,58,4%,8,Media,,,
sextuplet.zip,available,58,1%,9,Healthcare,,,
alacarte.zip,available,58,11%,10,Food and Beverage,,,
adjustive.zip,available,58,1%,9,"Manufacturing,Retail,Technology",,,
enwrapped.zip,available,58,0%,9,"Entertainment,Fashion,Media",,,
lvii.zip,available,56,1%,4,Mathematics,,,
xlvii.zip,available,56,2%,5,Mathematics,,,
admittable.zip,available,56,1%,10,"Education,Healthcare,Hospitality",,,
xlviii.zip,available,56,1%,6,Mathematics,,,
xlv.zip,available,56,6%,3,Mathematics,,,
xli.zip,available,56,5%,3,Mathematics,,,
xliii.zip,available,56,1%,5,Mathematics,,,
thirtysix.zip,available,56,5%,10,Mathematics,,,
xxviii.zip,available,56,1%,6,Mathematics,,,
thirtytwo.zip,available,56,5%,10,Mathematics,,,
halfdozen.zip,available,56,1%,10,Mathematics,,,
thirtyone.zip,available,56,5%,10,Mathematics,,,
terzetto.zip,available,56,3%,8,Arts,,,
xxxvii.zip,available,56,2%,6,Mathematics,,,
xxxiv.zip,available,56,1%,5,Mathematics,,,
xxxiii.zip,available,56,2%,6,Mathematics,,,
ilx.zip,available,56,5%,3,Mathematics,,,
fiftynine.zip,available,56,4%,10,Mathematics,,,
aone.zip,available,56,15%,5,Food and Beverage,,,
fortysix.zip,available,56,3%,9,Mathematics,,,
fortynine.zip,available,56,3%,10,Mathematics,,,
xlii.zip,available,56,5%,4,Mathematics,,,
lii.zip,available,56,7%,3,Mathematics,,,
xxxviii.zip,available,56,1%,7,Mathematics,,,
lvi.zip,available,56,8%,3,Mathematics,,,
fiftysix.zip,available,56,4%,9,Mathematics,,,
accoutered.zip,available,56,0%,10,"Fashion,Manufacturing,Retail",,,
xxxii.zip,available,56,1%,5,Mathematics,,,
fortytwo.zip,available,56,17%,9,Mathematics,,,
fiftyfive.zip,available,56,7%,10,Mathematics,,,
potbellied.zip,available,56,0%,10,"Health and Fitness,Medicine",,,
xxxi.zip,available,56,9%,4,Mathematics,,,
addled.zip,available,56,2%,6,Entertainment,,,
admittible.zip,available,56,1%,10,"Education,Healthcare,Hospitality",,,
abeyant.zip,available,56,1%,7,"Business,Law",,,
maledict.zip,available,56,1%,8,Religion,,,
triad.zip,available,56,15%,5,Arts,,,
xliv.zip,available,56,2%,4,Mathematics,,,
fortyone.zip,available,56,4%,9,Mathematics,,,
xlvi.zip,available,56,3%,4,Mathematics,,,
lviii.zip,available,56,1%,5,Mathematics,,,
admissive.zip,available,56,1%,9,"Education,Healthcare,Hospitality",,,
xxxv.zip,available,56,4%,4,Mathematics,,,
abdominous.zip,available,56,0%,10,"Health and Fitness,Medicine",,,
xxiii.zip,available,56,5%,5,Mathematics,,,
appressed.zip,available,56,0%,9,"Agriculture,Manufacturing,Retail",,,
xxxvi.zip,available,56,1%,5,Mathematics,,,
fiftyfour.zip,available,56,3%,10,Mathematics,,,
xxiv.zip,available,56,5%,4,Mathematics,,,
xxix.zip,available,56,4%,4,Mathematics,,,
liii.zip,available,56,4%,4,Mathematics,,,
xxvii.zip,available,56,3%,5,Mathematics,,,
fiftyone.zip,available,56,7%,9,Mathematics,,,
fiftytwo.zip,available,56,6%,9,Mathematics,,,
unnatural.zip,available,54,4%,9,"Medicine,Science",,,
fin.zip,available,54,30%,3,Finance,,,
quatern.zip,available,54,2%,7,Mathematics,,,
quadruplet.zip,available,54,1%,10,"Healthcare,Medicine,Science",,,
scratchy.zip,available,54,3%,8,Fashion,,,
viii.zip,available,54,6%,4,Mathematics,,,
topnotch.zip,available,54,18%,8,Business,,,
twoscore.zip,available,54,2%,8,Mathematics,,,
adductive.zip,available,54,0%,9,"Engineering,Mathematics,Science",,,
vii.zip,available,54,13%,3,Mathematics,,,
admonitory.zip,available,54,0%,10,"Business,Education,Healthcare",,,
abatable.zip,available,54,1%,8,Law,,,
ternion.zip,available,54,3%,7,Mathematics,,,
abient.zip,available,54,1%,6,Science,,,
accentual.zip,available,54,3%,9,"Arts,Entertainment",,,
adducent.zip,available,54,1%,8,"Engineering,Mathematics,Science",,,
abaxial.zip,available,54,1%,7,Science,,,
threescore.zip,available,54,1%,10,Mathematics,,,
adducting.zip,available,54,1%,9,"Engineering,Mathematics,Science",,,
abasic.zip,available,54,1%,6,Science,,,
adaxial.zip,available,54,2%,7,Science,,,
achromatic.zip,available,54,4%,10,Science,,,
quaternion.zip,available,54,6%,10,Mathematics,,,
accursed.zip,available,54,3%,8,"Entertainment,Media,Religion",,,
achy.zip,available,54,3%,4,Healthcare,,,
fortyfive.zip,available,54,4%,10,Mathematics,,,
adpressed.zip,available,54,0%,9,"Agriculture,Manufacturing,Retail",,,
aboral.zip,available,54,2%,6,Science,,,
abatic.zip,available,54,1%,6,Science,,,
abhorrent.zip,available,54,1%,9,Humanities,,,
acoustical.zip,available,54,4%,10,Science,,,
deuceace.zip,available,54,2%,9,Sports,,,
sise.zip,available,54,5%,4,Mathematics,,,
adjuratory.zip,available,54,0%,10,"Law,Politics,Religion",,,
iii.zip,available,54,24%,3,Mathematics,,,
actuated.zip,available,54,2%,8,"Automotive,Manufacturing,Technology",,,
abducens.zip,available,54,1%,8,Medicine,,,
quintuplet.zip,available,54,1%,10,"Healthcare,Medicine,Science",,,
monitory.zip,available,54,3%,8,"Business,Education,Healthcare",,,
quaternity.zip,available,54,4%,10,Mathematics,,,
deserted.zip,available,54,3%,8,"Hospitality,Real Estate",,,
sestet.zip,available,53,1%,6,Arts,,,
xxx.zip,available,53,30%,3,"Arts,Entertainment,Media",,,
septet.zip,available,53,1%,6,General,,,
xcviii.zip,available,52,1%,6,Mathematics,,,
xcvi.zip,available,52,2%,4,Mathematics,,,
xci.zip,available,52,4%,3,Mathematics,,,
xciv.zip,available,52,2%,4,Mathematics,,,
lxxii.zip,available,52,1%,5,Mathematics,,,
ixc.zip,available,52,5%,3,Mathematics,,,
abstruse.zip,available,52,5%,8,"Humanities,Mathematics,Science",,,
lxxxvi.zip,available,52,1%,6,Mathematics,,,
littlejoe.zip,available,52,2%,10,"Entertainment,Media",,,
lxxvii.zip,available,52,2%,6,Mathematics,,,
decumbent.zip,available,52,1%,9,"Healthcare,Medicine,Science",,,
repugnant.zip,available,52,1%,9,Humanities,,,
ninetysix.zip,available,52,4%,10,Mathematics,,,
lxv.zip,available,52,5%,3,Mathematics,,,
ablated.zip,available,52,1%,7,Science,,,
eightyone.zip,available,52,3%,10,Mathematics,,,
lxxxiv.zip,available,52,1%,6,Mathematics,,,
ninetytwo.zip,available,52,4%,10,Mathematics,,,
lxiv.zip,available,52,3%,4,Mathematics,,,
lxxxii.zip,available,52,1%,6,Mathematics,,,
detestable.zip,available,52,1%,10,Humanities,,,
lxxvi.zip,available,52,1%,5,Mathematics,,,
lxiii.zip,available,52,2%,5,Mathematics,,,
abusive.zip,available,52,3%,7,"Healthcare,Law",,,
lxxxi.zip,available,52,1%,5,Mathematics,,,
ixl.zip,available,52,9%,3,Mathematics,,,
lxi.zip,available,52,5%,3,Mathematics,,,
xciii.zip,available,52,1%,5,Mathematics,,,
sixtytwo.zip,available,52,3%,9,Mathematics,,,
lxxiii.zip,available,52,1%,6,Mathematics,,,
uphill.zip,available,52,7%,6,"Sports,Transportation,Travel",,,
lxxv.zip,available,52,1%,4,Mathematics,,,
abysmal.zip,available,52,4%,7,"Arts,Entertainment,Media",,,
abominable.zip,available,52,2%,10,"Entertainment,Humanities",,,
lxxi.zip,available,52,1%,4,Mathematics,,,
sixtysix.zip,available,52,4%,9,Mathematics,,,
chagrined.zip,available,52,1%,9,Humanities,,,
lxii.zip,available,52,1%,4,Mathematics,,,
lxvii.zip,available,52,1%,5,Mathematics,,,
sixtyfour.zip,available,52,3%,10,Mathematics,,,
aboulic.zip,available,52,1%,7,Medicine,,,
odious.zip,available,52,2%,6,"Entertainment,Humanities",,,
lxvi.zip,available,52,3%,4,Mathematics,,,
eightytwo.zip,available,52,4%,10,Mathematics,,,
sixtyfive.zip,available,52,3%,10,Mathematics,,,
lxxxiii.zip,available,52,1%,7,Mathematics,,,
tierce.zip,available,52,3%,6,General,,,
lxxxvii.zip,available,52,1%,7,Mathematics,,,
xcv.zip,available,52,7%,3,Mathematics,,,
adenoidal.zip,available,52,1%,9,"Health and Fitness,Medicine,Science",,,
lxxxv.zip,available,52,1%,5,Mathematics,,,
lxviii.zip,available,52,1%,6,Mathematics,,,
xcvii.zip,available,52,1%,5,Mathematics,,,
lxxiv.zip,available,52,1%,5,Mathematics,,,
repulsive.zip,available,52,1%,9,Humanities,,,
ninetyone.zip,available,52,5%,10,Mathematics,,,
xcii.zip,available,52,2%,4,Mathematics,,,
acerose.zip,available,50,1%,7,Science,,,
adactylous.zip,available,50,0%,10,Science,,,
acquitted.zip,available,50,1%,9,Law,,,
scummy.zip,available,50,1%,6,Humanities,,,
aborticide.zip,available,50,0%,10,Medicine,,,
acaudal.zip,available,50,1%,7,"Agriculture,Science",,,
spinous.zip,available,50,1%,7,"Agriculture,Science",,,
quint.zip,available,50,13%,5,"Arts,Entertainment",,,
acetose.zip,available,50,1%,7,Science,,,
gillless.zip,available,50,0%,9,Science,,,
abdicable.zip,available,50,0%,9,Law,,,
lxx.zip,available,50,5%,3,Mathematics,,,
abranchial.zip,available,50,0%,10,Science,,,
abbatial.zip,available,50,0%,8,Religion,,,
triplet.zip,available,50,8%,7,Science,,,
broached.zip,available,50,0%,8,Food and Beverage,,,
trine.zip,available,50,11%,5,"General,Religion",,,
acapnic.zip,available,50,0%,7,"Healthcare,Medicine,Science",,,
acerbic.zip,available,50,2%,7,"Arts,Humanities,Media",,,
cinque.zip,available,50,7%,6,Mathematics,,,
acerb.zip,available,50,2%,5,Science,,,
abomasal.zip,available,50,0%,8,Agriculture,,,
aculeated.zip,available,50,0%,9,"Engineering,Medicine,Science",,,
acapnotic.zip,available,50,0%,9,"Healthcare,Medicine,Science",,,
adhominem.zip,available,50,2%,10,"Humanities,Law,Politics",,,
acetous.zip,available,50,1%,7,Science,,,
abactinal.zip,available,50,0%,9,Science,,,
ogdoad.zip,available,50,1%,6,Mathematics,,,
vinegary.zip,available,50,1%,8,Food and Beverage,,,
acellular.zip,available,50,1%,9,Science,,,
needlelike.zip,available,50,0%,10,"Engineering,Medicine,Science",,,
abducting.zip,available,50,0%,9,Medicine,,,
abstracted.zip,available,48,5%,10,"Arts,Humanities,Science",,,
apriori.zip,available,48,13%,8,Mathematics,,,
execrable.zip,available,48,0%,9,"Entertainment,Humanities",,,
notguilty.zip,available,48,5%,10,Law,,,
lxxxviii.zip,available,48,1%,8,Mathematics,,,
ilxx.zip,available,48,1%,4,Mathematics,,,
abyssal.zip,available,48,12%,7,"Arts,Entertainment,Media",,,
ilxxx.zip,available,48,1%,5,Mathematics,,,
acaudate.zip,available,46,1%,8,"Agriculture,Science",,,
acephalous.zip,available,46,1%,10,Science,,,
acarpous.zip,available,46,0%,8,"Agriculture,Science",,,
cotyloid.zip,available,46,1%,8,Science,,,
acarpelous.zip,available,46,null%,10,"Agriculture,Science",,,
acanthotic.zip,available,46,0%,10,"Agriculture,Science",,,
acetonic.zip,available,46,1%,8,Science,,,
acanthous.zip,available,46,0%,9,"Agriculture,Science",,,
achromous.zip,available,46,1%,9,Science,,,
acanthoid.zip,available,46,1%,9,"Agriculture,Science",,,
acicular.zip,available,46,2%,8,Science,,,
acapnial.zip,available,46,0%,8,"Healthcare,Medicine,Science",,,
stemless.zip,available,46,2%,8,"Agriculture,Science",,,
achenial.zip,available,46,1%,8,Science,,,
acetylenic.zip,available,46,1%,10,Science,,,
vinegarish.zip,available,46,1%,10,Food and Beverage,,,
quaternary.zip,available,46,3%,10,Mathematics,,,
theabsurd.zip,available,46,1%,10,"Arts,Entertainment,Media",,,
stripling.zip,available,46,2%,9,"Education,Entertainment,Healthcare",,,
acheronian.zip,available,46,1%,10,Humanities,,,
acetabular.zip,available,46,1%,10,Science,,,
acetylic.zip,available,46,1%,8,Science,,,
achromic.zip,available,46,2%,8,Science,,,
cotyloidal.zip,available,44,1%,10,Science,,,
acherontic.zip,available,44,1%,10,Humanities,,,
accusatory.zip,available,44,1%,10,Law,,,
phoebe.zip,available,41,14%,6,Science,,,
abscessed.zip,available,41,0%,9,Healthcare,,,
accusive.zip,available,40,1%,8,Law,,,
scurrilous.zip,available,40,1%,10,"Entertainment,Media,Politics",,,
accurst.zip,available,40,1%,7,Religion,,,